{
  "meta": {
    "exploration": 0.06
  },
  "regret_sum": {
    "(0, 2, 0, 1)": {
      "call": -3.395833333333333,
      "fold": -3.395833333333333,
      "raise": 6.791666666666669
    },
    "(0, 2, 1, 0)": {
      "call": 2.0,
      "fold": 2.0,
      "raise": -4.0
    },
    "(0, 2, 2, 1)": {
      "call": -6.125,
      "fold": -6.125,
      "raise": 12.250000000000002
    },
    "(0, 3, 0, 1)": {
      "call": 5.708333333333333,
      "fold": -2.8541666666666665,
      "raise": -2.8541666666666665
    },
    "(0, 3, 1, 0)": {
      "call": 6.163265306122449,
      "fold": -2.0,
      "raise": -4.163265306122449
    },
    "(0, 3, 2, 1)": {
      "call": 0.0,
      "fold": 0.0,
      "raise": 0.0
    },
    "(0, 3, 3, 1)": {
      "call": 6.250000000000001,
      "fold": -1.8707482993197284,
      "raise": -4.379251700680272
    },
    "(0, 3, 5, 0)": {
      "call": 10.629251700680273,
      "fold": -10.629251700680273,
      "raise": 0.0
    },
    "(0, 4, 0, 1)": {
      "call": 22.004262897539157,
      "fold": 19.89582236041162,
      "raise": -41.90008525795079
    },
    "(0, 4, 1, 0)": {
      "call": -8.041666666666668,
      "fold": -8.041666666666668,
      "raise": 16.083333333333336
    },
    "(0, 4, 2, 1)": {
      "call": 287.83333333333337,
      "fold": -12.166666666666668,
      "raise": -275.66666666666674
    },
    "(0, 4, 3, 1)": {
      "call": 1.8766697725950288,
      "fold": -3.753339545190058,
      "raise": 1.8766697725950288
    },
    "(0, 4, 5, 1)": {
      "call": -23.869791666666668,
      "fold": -23.869791666666668,
      "raise": 47.73958333333334
    },
    "(0, 5, 0, 1)": {
      "call": -13.39302282111846,
      "fold": 165.80516236469612,
      "raise": -152.41213954357767
    },
    "(0, 5, 1, 0)": {
      "call": -0.08163265306122458,
      "fold": 4.0,
      "raise": -3.9183673469387754
    },
    "(0, 5, 2, 1)": {
      "call": -8.0,
      "fold": 4.0,
      "raise": 4.0
    },
    "(0, 6, 0, 1)": {
      "call": 141.08333333333337,
      "fold": -70.54166666666669,
      "raise": -70.54166666666669
    },
    "(0, 7, 0, 1)": {
      "call": -3.1041666666666665,
      "fold": -3.1041666666666665,
      "raise": 6.208333333333335
    },
    "(0, 7, 2, 1)": {
      "call": 0.0,
      "fold": 0.0,
      "raise": 0.0
    },
    "(0, 8, 0, 1)": {
      "call": 6.125000000000001,
      "fold": -3.0625,
      "raise": -3.0625
    },
    "(0, 8, 2, 1)": {
      "call": -6.0,
      "fold": -6.0,
      "raise": 12.000000000000002
    },
    "(0, 9, 0, 1)": {
      "call": 10.125000000000002,
      "fold": -5.0625,
      "raise": -5.0625
    },
    "(0, 9, 2, 1)": {
      "call": 0.0,
      "fold": 0.0,
      "raise": 0.0
    },
    "(0, 9, 3, 1)": {
      "call": -15.0,
      "fold": -15.0,
      "raise": 30.000000000000004
    },
    "(1, 3, 0, 0)": {
      "call": 18.98679347677986,
      "fold": 25.474877854700722,
      "raise": -44.46167133148059
    },
    "(1, 3, 7, 0)": {
      "call": 6.510416666666666,
      "fold": -13.020833333333334,
      "raise": 6.510416666666666
    },
    "(1, 3, 7, 1)": {
      "call": 14.510204081632654,
      "fold": -53.51020408163266,
      "raise": 39.0
    },
    "(1, 4, 0, 0)": {
      "call": -18.000000000000004,
      "fold": 9.0,
      "raise": 9.0
    },
    "(1, 4, 2, 1)": {
      "call": -8.16326530612245,
      "fold": 4.081632653061224,
      "raise": 4.081632653061224
    },
    "(1, 4, 3, 1)": {
      "call": -54.00000000000001,
      "fold": 27.0,
      "raise": 27.0
    },
    "(1, 4, 6, 0)": {
      "call": -18.21258503401361,
      "fold": 3.791666666666666,
      "raise": 14.420918367346939
    },
    "(1, 5, 0, 0)": {
      "call": 158.11986252834473,
      "fold": -10.182380243764172,
      "raise": -147.93748228458054
    },
    "(1, 5, 3, 1)": {
      "call": 1.0850694444444444,
      "fold": -2.1701388888888893,
      "raise": 1.0850694444444444
    },
    "(1, 5, 6, 0)": {
      "call": -12.000000000000002,
      "fold": 6.0,
      "raise": 6.0
    },
    "(1, 6, 0, 0)": {
      "call": 16.30834930787673,
      "fold": -9.561354536543869,
      "raise": -6.746994771332858
    },
    "(1, 6, 6, 0)": {
      "call": 3.1250000000000004,
      "fold": -6.250000000000002,
      "raise": 3.1250000000000004
    },
    "(1, 7, 6, 0)": {
      "call": -300.46768707483005,
      "fold": 138.54166666666669,
      "raise": 161.92602040816328
    },
    "(1, 8, 6, 0)": {
      "call": 73.51298017798618,
      "fold": 52.43654813305654,
      "raise": -125.94952831104273
    },
    "(1, 9, 6, 0)": {
      "call": 6.0,
      "fold": -12.000000000000002,
      "raise": 6.0
    },
    "(2, 4, 0, 0)": {
      "call": 1.0850694444444444,
      "fold": -2.1701388888888893,
      "raise": 1.0850694444444444
    },
    "(2, 4, 6, 0)": {
      "call": 12.244897959183675,
      "fold": -24.489795918367353,
      "raise": 12.244897959183675
    },
    "(2, 4, 7, 1)": {
      "call": 24.48979591836735,
      "fold": -48.979591836734706,
      "raise": 24.48979591836735
    },
    "(2, 5, 0, 0)": {
      "call": -81.42204268912975,
      "fold": 14.24693153733297,
      "raise": 67.17511115179677
    },
    "(2, 5, 3, 2)": {
      "call": 120.54521864526072,
      "fold": 120.54521864526072,
      "raise": -241.09043729052146
    },
    "(2, 5, 6, 0)": {
      "call": -16.763871173469397,
      "fold": 147.9563137755102,
      "raise": -131.19244260204087
    },
    "(2, 7, 6, 0)": {
      "call": -378.95446341802034,
      "fold": 165.6156462585034,
      "raise": 213.33881715951688
    },
    "(2, 8, 6, 0)": {
      "call": 450.00000000000006,
      "fold": -900.0000000000002,
      "raise": 450.00000000000006
    },
    "(2, 8, 7, 0)": {
      "call": 1701.0000000000002,
      "fold": 1701.0000000000002,
      "raise": -3402.000000000001
    },
    "(2, 8, 7, 1)": {
      "call": 567.0,
      "fold": 567.0,
      "raise": -1134.0000000000002
    },
    "(2, 9, 6, 0)": {
      "call": 18.0,
      "fold": -36.00000000000001,
      "raise": 18.0
    },
    "(3, 2, 6, 0)": {
      "call": 165.3061224489796,
      "fold": -330.6122448979593,
      "raise": 165.3061224489796
    },
    "(3, 4, 6, 0)": {
      "call": 202.04081632653063,
      "fold": 202.04081632653063,
      "raise": -404.0816326530613
    },
    "(3, 5, 6, 0)": {
      "call": 361.63565593578215,
      "fold": -723.2713118715644,
      "raise": 361.63565593578215
    },
    "(3, 6, 6, 0)": {
      "call": 5103.000000000001,
      "fold": -5103.000000000001,
      "raise": 0.0
    },
    "(3, 8, 6, 0)": {
      "call": -47.723170901013475,
      "fold": -47.723170901013475,
      "raise": 95.44634180202696
    }
  },
  "strategy_sum": {
    "(0, 2, 0, 1)": {
      "call": 0.39333333333333337,
      "fold": 0.39333333333333337,
      "raise": 3.213333333333333
    },
    "(0, 2, 1, 0)": {
      "call": 0.8233333333333333,
      "fold": 0.8233333333333333,
      "raise": 0.35333333333333333
    },
    "(0, 2, 2, 1)": {
      "call": 0.35333333333333333,
      "fold": 0.35333333333333333,
      "raise": 1.2933333333333332
    },
    "(0, 3, 0, 1)": {
      "call": 5.466666666666666,
      "fold": 0.7666666666666667,
      "raise": 0.7666666666666667
    },
    "(0, 3, 1, 0)": {
      "call": 1.8033333333333332,
      "fold": 1.8033333333333332,
      "raise": 0.39333333333333337
    },
    "(0, 3, 2, 1)": {
      "call": 0.3333333333333333,
      "fold": 0.3333333333333333,
      "raise": 0.3333333333333333
    },
    "(0, 3, 3, 1)": {
      "call": 0.8233333333333333,
      "fold": 0.35333333333333333,
      "raise": 0.8233333333333333
    },
    "(0, 3, 5, 0)": {
      "call": 0.5,
      "fold": 0.5,
      "raise": 0.0
    },
    "(0, 4, 0, 1)": {
      "call": 2.7535202048999845,
      "fold": 4.7731464617666814,
      "raise": 0.47333333333333344
    },
    "(0, 4, 1, 0)": {
      "call": 0.39333333333333337,
      "fold": 0.39333333333333337,
      "raise": 3.213333333333333
    },