{
  "best_robust": {
    "game": 50,
    "score": 0.5
  },
  "best_robust_score": 0.5,
  "best_vs_condition_threshold": {
    "game": 200,
    "score": 0.5333333333333333
  },
  "best_vs_threshold": {
    "game": 50,
    "score": 0.5666666666666667
  },
  "last_eval": {
    "by_opponent": {
      "condition_threshold": 0.5333333333333333,
      "fixed_self": 0.4666666666666667,
      "threshold": 0.4666666666666667
    },
    "game_index": 200,
    "overall_win_rate": 0.4888888888888889
  }
}