{
  "meta": {
    "exploration": 0.08,
    "postflop_simulations": 48
  },
  "regret_sum": {
    "(0, 0, '')": {
      "call": -381.9074321752341,
      "fold": -490.9667401551976,
      "raise": 25.548699778419273
    },
    "(0, 0, '/')": {
      "call": 3.5016857559632197,
      "fold": -13.432481557077985,
      "raise": 2.319960805204035
    },
    "(0, 0, '//')": {
      "call": 3.822457852391335,
      "fold": -8.314054244516075,
      "raise": 5.8470137814193
    },
    "(0, 0, '///')": {
      "call": 4.533342770074585,
      "fold": 2.026143014056279,
      "raise": 7.485009647832715
    },
    "(0, 1, '/')": {
      "call": 2.3949508450828167,
      "fold": -7.778474135164638,
      "raise": 1.9200650615593646
    },
    "(0, 1, '//')": {
      "call": 3.6734679764720872,
      "fold": -12.664553349821773,
      "raise": 4.4907732325799525
    },
    "(0, 1, '///')": {
      "call": 5.448525348359076,
      "fold": -9.366656024191109,
      "raise": 5.359999462360401
    },
    "(1, 0, '')": {
      "call": -248.15835075585437,
      "fold": -713.8266259795917,
      "raise": 28.04509546865661
    },
    "(1, 0, '/')": {
      "call": 9.696817272541631,
      "fold": -142.5290691680256,
      "raise": 9.483102701984105
    },
    "(1, 0, '//')": {
      "call": 9.407595986289811,
      "fold": -119.2039716823767,
      "raise": 10.587822834426417
    },
    "(1, 0, '///')": {
      "call": 7.115578428040511,
      "fold": 0.8662090135850874,
      "raise": 5.003536794764695
    },
    "(1, 1, '/')": {
      "call": 5.525401271209392,
      "fold": -124.23865566341217,
      "raise": 8.91578684438545
    },
    "(1, 1, '//')": {
      "call": 6.634398646513964,
      "fold": -107.80789133602744,
      "raise": 10.212351118956018
    },
    "(1, 1, '///')": {
      "call": 3.394761017766907,
      "fold": -34.76618250234447,
      "raise": 9.321539119135341
    },
    "(2, 0, '')": {
      "call": -38.107470679208745,
      "fold": -1038.9204536011384,
      "raise": 31.642047783262925
    },
    "(2, 0, '/')": {
      "call": 10.48407545358829,
      "fold": -395.4211157948286,
      "raise": 22.25289384543056
    },
    "(2, 0, '//')": {
      "call": 10.949387446255399,
      "fold": -228.99206496217323,
      "raise": 16.520405316596012
    },
    "(2, 0, '///')": {
      "call": 5.4893772451867715,
      "fold": -70.04222956206252,
      "raise": 10.717795684515457
    },
    "(2, 1, '/')": {
      "call": 14.051343311934234,
      "fold": -352.0772065240684,
      "raise": 16.48443661257834
    },
    "(2, 1, '//')": {
      "call": 12.312371031209082,
      "fold": -251.44320690183986,
      "raise": 14.437051272790727
    },
    "(2, 1, '///')": {
      "call": 6.927210725221643,
      "fold": -84.71073977918363,
      "raise": 9.68473520942932
    },
    "(3, 0, '')": {
      "call": 2.1425995364874755,
      "fold": -1613.8371222591136,
      "raise": 52.56336105864721
    },
    "(3, 0, '/')": {
      "call": 13.774827284877459,
      "fold": -574.6756977944956,
      "raise": 29.100971109250334
    },
    "(3, 0, '//')": {
      "call": 16.871970026809162,
      "fold": -339.6291403609041,
      "raise": 17.09465845318653
    },
    "(3, 0, '///')": {
      "call": 6.010243374067042,
      "fold": -114.88478572522406,
      "raise": 10.721863178188933
    },
    "(3, 1, '/')": {
      "call": 18.31047587870345,
      "fold": -533.2607796410971,
      "raise": 23.954255510100552
    },
    "(3, 1, '//')": {
      "call": 8.684648346648597,
      "fold": -326.63159801205336,
      "raise": 21.067898005153836
    },
    "(3, 1, '///')": {
      "call": 9.373465483089767,
      "fold": -124.43636957428895,
      "raise": 10.143927691186807
    },
    "(4, 0, '')": {
      "call": 10.674609937475088,
      "fold": -1709.5774106964293,
      "raise": 60.46724576997808
    },
    "(4, 0, '/')": {
      "call": 23.749051667183238,
      "fold": -869.7325255300376,
      "raise": 36.62239635634258
    },
    "(4, 0, '//')": {
      "call": 17.22516744354611,
      "fold": -491.8238299516849,
      "raise": 25.715165972957763
    },
    "(4, 0, '///')": {
      "call": 10.626193836310438,
      "fold": -244.38048541148873,
      "raise": 13.992952362727454
    },
    "(4, 1, '/')": {
      "call": 10.141633835977169,
      "fold": -681.2557867011898,
      "raise": 33.27837947755717
    },
    "(4, 1, '//')": {
      "call": 13.190716297582867,
      "fold": -426.9974845749607,
      "raise": 22.880710638325183
    },
    "(4, 1, '///')": {
      "call": 7.163936056361979,
      "fold": -194.59174388877804,
      "raise": 13.844719801447749
    },
    "(5, 0, '')": {
      "call": 6.630844019848357,
      "fold": -1357.363202846453,
      "raise": 51.64849421081293
    },
    "(5, 0, '/')": {
      "call": 10.22918194658455,
      "fold": -669.6869587699564,
      "raise": 32.32397734637905
    },
    "(5, 0, '//')": {
      "call": 15.469216829155165,
      "fold": -507.27151571405267,
      "raise": 22.871210729554267
    },
    "(5, 0, '///')": {
      "call": 9.311024254688942,
      "fold": -280.47462590643823,
      "raise": 14.95186628966735
    },
    "(5, 1, '/')": {
      "call": 12.976122223876155,
      "fold": -527.9787504351622,
      "raise": 23.67669407206777
    },
    "(5, 1, '//')": {
      "call": 7.412246954319853,
      "fold": -395.6333788192266,
      "raise": 21.979842909649353
    },
    "(5, 1, '///')": {
      "call": 7.6423004542475885,
      "fold": -254.5307865598298,
      "raise": 15.159106510163943
    },
    "(6, 0, '')": {
      "call": 9.430139060664468,
      "fold": -543.840285765017,
      "raise": 21.903510708252615
    },
    "(6, 0, '/')": {
      "call": 14.06040998504737,
      "fold": -625.9453569599395,
      "raise": 28.267640342593925
    },
    "(6, 0, '//')": {
      "call": 10.765285932016551,
      "fold": -541.0177707241716,
      "raise": 24.48726630831848
    },
    "(6, 0, '///')": {
      "call": 7.8609344178606255,
      "fold": -327.10701358987006,
      "raise": 16.165482302018965
    },
    "(6, 1, '/')": {
      "call": 12.83242700375669,
      "fold": -551.2944195640476,
      "raise": 22.91414912405051
    },
    "(6, 1, '//')": {
      "call": 8.812566483604146,
      "fold": -475.3849193629083,
      "raise": 22.65693601357004
    },
    "(6, 1, '///')": {
      "call": 9.690339179690898,
      "fold": -329.11920616612014,
      "raise": 14.512668121176056
    },
    "(7, 0, '')": {
      "call": 6.25824288390673,
      "fold": -353.29075014596515,
      "raise": 15.62275410305709
    },
    "(7, 0, '/')": {
      "call": 8.773713062998715,
      "fold": -354.9809095029802,
      "raise": 17.222399830931547
    },
    "(7, 0, '//')": {
      "call": 12.141481356536403,
      "fold": -560.4613606502678,
      "raise": 22.469185487950305
    },
    "(7, 0, '///')": {
      "call": 13.875385498230319,
      "fold": -655.7102287298096,
      "raise": 20.85303906180728
    },
    "(7, 1, '/')": {
      "call": 6.261249982818466,
      "fold": -350.4343341785644,
      "raise": 16.708020225509273
    },
    "(7, 1, '//')": {
      "call": 8.196517139796079,
      "fold": -435.42014339261334,
      "raise": 19.273316826224743
    },
    "(7, 1, '///')": {
      "call": 10.198592853579914,
      "fold": -506.23339875416514,
      "raise": 20.29665683172639
    }
  },
  "strategy_sum": {
    "(0, 0, '')": {
      "call": 163.7313872918284,
      "fold": 159.65333333333487,
      "raise": 1640.6152793748947
    },
    "(0, 0, '/')": {
      "call": 49.4354426489895,
      "fold": 3.481243046050145,
      "raise": 58.08331430496036
    },
    "(0, 0, '//')": {
      "call": 101.77067216769511,
      "fold": 9.429689440993787,
      "raise": 151.79963839131102
    },
    "(0, 0, '///')": {
      "call": 188.09909463022478,
      "fold": 51.70846194583963,
      "raise": 192.19244342393569
    },
    "(0, 1, '/')": {
      "call": 35.2327674037076,
      "fold": 3.4817364289219874,