{
  "meta": {
    "exploration": 0.025,
    "postflop_simulations": 96,
    "prior_weight": 0.18
  },
  "regret_sum": {
    "(0, 10, 0, 0, 0, 0, 0, 0, 5, '')": {
      "call": 0.0,
      "fold": 0.0,
      "raise": 0.2122948964583382
    },
    "(0, 3, 0, 0, 0, 0, 0, 0, 5, '')": {
      "call": 0.16450241938616933,
      "fold": 0.0,
      "raise": 0.0
    },
    "(0, 3, 0, 0, 0, 0, 1, 0, 5, '')": {
      "call": 0.01847302905857593,
      "fold": 0.0,
      "raise": 0.18868355537436535
    },
    "(0, 4, 0, 0, 0, 0, 1, 0, 5, '')": {
      "call": 0.021622071733144357,
      "fold": 0.0,
      "raise": 0.26140930577569754
    },
    "(0, 5, 0, 0, 0, 0, 0, 0, 2, '')": {
      "call": 0.048780099254094766,
      "fold": 0.0,
      "raise": 0.0
    },
    "(0, 5, 0, 0, 0, 0, 1, 0, 5, '')": {
      "call": 0.0,
      "fold": 0.0,
      "raise": 0.8053533493912288
    },
    "(0, 6, 0, 0, 0, 0, 1, 0, 5, '')": {
      "call": 0.0,
      "fold": 0.0,
      "raise": 2.4377124702369315
    },
    "(0, 7, 0, 0, 0, 0, 1, 0, 4, '')": {
      "call": 0.0,
      "fold": 0.12980865966958371,
      "raise": 0.8553466226325466
    },
    "(0, 7, 0, 0, 0, 0, 1, 0, 5, '')": {
      "call": 0.5431820522424551,
      "fold": 0.018665448473423774,
      "raise": 0.0
    },
    "(0, 8, 0, 0, 0, 0, 1, 0, 5, '')": {
      "call": 0.0,
      "fold": 0.5155117864562982,
      "raise": 1.363870947229275
    },
    "(0, 9, 0, 0, 0, 0, 1, 0, 5, '')": {
      "call": 1.300050543488801,
      "fold": 0.0,
      "raise": 0.0
    },
    "(1, 10, 3, 0, 6, 0, 0, 0, 5, '/')": {
      "call": 0.0,
      "fold": 0.0,
      "raise": 0.018793052974420354
    },
    "(1, 10, 4, 0, 0, 0, 0, 0, 5, '/')": {
      "call": 0.9156924570083045,
      "fold": 0.0,
      "raise": 0.0
    },
    "(1, 10, 4, 0, 13, 0, 0, 0, 5, '/')": {
      "call": 0.015262602161684735,
      "fold": 0.0,
      "raise": 0.006104439817831042
    },
    "(1, 2, 0, 0, 4, 1, 1, 0, 5, '/')": {
      "call": 0.2584854118035188,
      "fold": 0.0,
      "raise": 0.5443258570725356
    },
    "(1, 4, 0, 1, 6, 1, 0, 0, 2, '/')": {
      "call": 0.3908928805977847,
      "fold": 0.0,
      "raise": 0.0
    },
    "(1, 5, 1, 2, 10, 1, 0, 0, 5, '/')": {
      "call": 0.0,
      "fold": 0.0,
      "raise": 0.6156743426549693
    },
    "(1, 6, 1, 0, 0, 1, 0, 0, 5, '/')": {
      "call": 0.0,
      "fold": 0.0,
      "raise": 1.105083857537876
    },
    "(1, 6, 1, 0, 2, 1, 0, 0, 5, '/')": {
      "call": 0.6461678192398616,
      "fold": 0.04016781923986154,
      "raise": 0.0
    },
    "(1, 6, 1, 2, 6, 0, 0, 0, 3, '/')": {
      "call": 0.0,
      "fold": 0.029880122598696934,
      "raise": 0.9090467892653635
    },
    "(1, 8, 2, 0, 13, 1, 1, 0, 4, '/')": {
      "call": 0.34611880275551177,
      "fold": 0.0,
      "raise": 0.0
    },
    "(2, 11, 4, 0, 4, 0, 0, 0, 5, '//')": {
      "call": 0.8092991199560755,
      "fold": 0.0,
      "raise": 0.0
    },
    "(2, 3, 0, 1, 6, 1, 0, 0, 2, '//')": {
      "call": 0.4254525300989289,
      "fold": 0.0,
      "raise": 0.0
    },
    "(2, 3, 0, 2, 11, 1, 1, 0, 4, '//')": {
      "call": 0.24596675867086434,
      "fold": 0.0,
      "raise": 0.6418867586708643
    },
    "(2, 5, 1, 2, 6, 0, 0, 0, 3, '//')": {
      "call": 0.003535356525855904,
      "fold": 0.0,
      "raise": 0.1559798009703004
    },
    "(2, 6, 1, 0, 7, 1, 0, 0, 4, '//')": {
      "call": 0.0,
      "fold": 0.3947270962211508,
      "raise": 1.3017078654519203
    },
    "(2, 8, 2, 0, 7, 1, 0, 0, 3, '//')": {
      "call": 0.0,
      "fold": 0.0,
      "raise": 1.1942224860813613
    },
    "(3, 11, 4, 0, 7, 0, 0, 0, 5, '///')": {
      "call": 0.0,
      "fold": 0.0,
      "raise": 0.1649107281173121
    },
    "(3, 2, 0, 1, 6, 1, 0, 0, 2, '///')": {
      "call": 0.419965078182174,
      "fold": 0.0,
      "raise": 0.0
    },
    "(3, 5, 1, 0, 7, 1, 1, 0, 3, '///')": {
      "call": 0.0,
      "fold": 0.3444955511184859,
      "raise": 1.2179231529284407
    }
  },
  "strategy_sum": {
    "(0, 10, 0, 0, 0, 0, 0, 0, 5, '')": {
      "call": 0.5355262978317269,
      "fold": 0.014433756729740644,
      "raise": 1.1820907530074098
    },
    "(0, 3, 0, 0, 0, 0, 0, 0, 5, '')": {
      "call": 1.5924817455142735,
      "fold": 0.19493925957690475,
      "raise": 0.4486469724086116
    },
    "(0, 3, 0, 0, 0, 0, 1, 0, 5, '')": {
      "call": 0.1446892173583475,
      "fold": 0.6912213378813719,
      "raise": 0.16408944476028045
    },
    "(0, 4, 0, 0, 0, 0, 1, 0, 5, '')": {
      "call": 0.33959220880243157,
      "fold": 1.4079405613191542,
      "raise": 0.48853520737820366
    },
    "(0, 5, 0, 0, 0, 0, 0, 0, 2, '')": {
      "call": 1.6668358767278026,
      "fold": 0.06521493084107434,
      "raise": 0.0
    },
    "(0, 5, 0, 0, 0, 0, 1, 0, 5, '')": {
      "call": 0.942213923696625,
      "fold": 0.9840521263642253,
      "raise": 2.219998319881122
    },
    "(0, 6, 0, 0, 0, 0, 1, 0, 5, '')": {
      "call": 2.4849472305516738,
      "fold": 0.03333333333333333,
      "raise": 1.481719436114993
    },
    "(0, 7, 0, 0, 0, 0, 1, 0, 4, '')": {
      "call": 0.8666430915131563,
      "fold": 0.011785113019775792,
      "raise": 0.5357853578401629
    },
    "(0, 7, 0, 0, 0, 0, 1, 0, 5, '')": {
      "call": 1.8158090851859905,
      "fold": 0.023570226039551584,
      "raise": 0.9890478135206484
    },
    "(0, 8, 0, 0, 0, 0, 1, 0, 5, '')": {
      "call": 4.648891381598888,
      "fold": 0.051967233145831584,
      "raise": 1.535209362755069
    },
    "(0, 9, 0, 0, 0, 0, 1, 0, 5, '')": {
      "call": 0.49748361905862004,
      "fold": 0.014433756729740644,
      "raise": 1.2201334317805166
    },
    "(1, 10, 3, 0, 6, 0, 0, 0, 5, '/')": {
      "call": 0.4389802886259123,
      "fold": 0.011785113019775792,
      "raise": 0.9634481607274071
    },
    "(1, 10, 4, 0, 0, 0, 0, 0, 5, '/')": {
      "call": 0.6235987379361544,
      "fold": 0.016666666666666666,
      "raise": 1.359734595397179
    },
    "(1, 10, 4, 0, 13, 0, 0, 0, 5, '/')": {
      "call": 0.6279626970287552,
      "fold": 0.016666666666666666,
      "raise": 1.3553706363045783
    },
    "(1, 2, 0, 0, 4, 1, 1, 0, 5, '/')": {
      "call": 0.30150633551507117,
      "fold": 1.4746802885955717,
      "raise": 0.45988135338914676
    },
    "(1, 4, 0, 1, 6, 1, 0, 0, 2, '/')": {
      "call": 1.189281147249405,
      "fold": 0.10228027756050831,
      "raise": 0.44048938275896393
    },
    "(1, 5, 1, 2, 10, 1, 0, 0, 5, '/')": {
      "call": 0.6822256179739651,
      "fold": 0.008333333333333333,
      "raise": 0.3094410486927016
    },
    "(1, 6, 1, 0, 0, 1, 0, 0, 5, '/')": {
      "call": 1.2801276337244354,
      "fold": 0.014433756729740644,
      "raise": 0.43748941711470113
    },
    "(1, 6, 1, 0, 2, 1, 0, 0, 5, '/')": {
      "call": 1.6699938891533004,
      "fold": 0.018633899812498248,
      "raise": 0.547440188533991
    },
    "(1, 6, 1, 2, 6, 0, 0, 0, 3, '/')": {
      "call": 0.8223810081214006,
      "fold": 0.011785113019775792,
      "raise": 0.5800474412319186
    },
    "(1, 8, 2, 0, 13, 1, 1, 0, 4, '/')": {
      "call": 1.0794442379183704,
      "fold": 0.014433756729740644,
      "raise": 0.6381728129207659
    },
    "(2, 11, 4, 0, 4, 0, 0, 0, 5, '//')": {
      "call": 0.6302122343717026,
      "fold": 0.016666666666666666,
      "raise": 1.3531210989616305
    },
    "(2, 3, 0, 1, 6, 1, 0, 0, 2, '//')": {
      "call": 1.17364671180918,
      "fold": 0.15648025153036282,
      "raise": 0.4019238442293342
    },
    "(2, 3, 0, 2, 11, 1, 1, 0, 4, '//')": {
      "call": 0.13004471190459369,
      "fold": 0.5707700339951793,
      "raise": 0.2991852541002269
    },
    "(2, 5, 1, 2, 6, 0, 0, 0, 3, '//')": {
      "call": 0.9614848361573375,
      "fold": 0.03332217684579457,
      "raise": 0.4194065493699632
    },
    "(2, 6, 1, 0, 7, 1, 0, 0, 4, '//')": {
      "call": 1.3981489298454297,
      "fold": 0.018633899812498248,
      "raise": 0.8192851478418619
    },